index,iter,time,objective
0,0,1.3571989289999473,-45430.20267252455
1,1,2.2133578319998923,-47161.00967519157
2,2,3.1203682740000076,-44868.995477256474
3,3,3.9932498590000907,-47239.65507814566
4,4,5.025326964000008,-47058.31267047623
5,5,6.036404448000016,-47035.44592125975
6,6,7.030475560999941,-49497.61016169735
