index,iter,time,objective
0,0,1.1443180150000845,-45875.127776518886
1,1,1.8186593299999367,-44861.82995106971
2,2,2.634577992999926,-46299.14001652841
3,3,3.3001798970000817,-45265.554396949985
4,4,4.090804370000027,-44710.02360768607
5,5,5.021398923000088,-46424.74138113305
6,6,5.846285930000013,-44961.4607059699
7,7,6.978064979000017,-46221.79253882023
8,8,8.098616490999936,-47497.36329211261
9,9,9.45633343099989,-50685.70717644882
