index,iter,time,objective
0,0,1.1118546859999188,-44527.37278417328
1,1,1.8398230059999041,-45282.86884923866
2,2,2.73594207999995,-44440.01751183903
3,3,3.450550627999939,-45812.19896583367
4,4,4.368223427999998,-45033.334738816324
5,5,5.4795146919998805,-46159.569509574976
6,6,6.3640707289997955,-46874.36604861166
7,7,7.361848040999845,-49215.63528168408
8,8,8.329784974999958,-49202.181204878514
