index,iter,time,objective
0,0,1.1924555760000366,-44941.536858314335
1,1,1.8810303259999492,-45338.02126823929
2,2,2.690886962000048,-45417.94619252625
3,3,3.5469870660000016,-45415.551984843165
4,4,4.61171289399988,-46738.77998617593
5,5,5.477405771999853,-45162.41261482343
6,6,6.45895162800001,-45632.84011044249
7,7,7.636138224999886,-47234.41003726154
8,8,8.533812888999936,-50741.42140683881
9,9,9.415381079999962,-50154.12882597607
