index,iter,time,objective
0,0,1.1426284939998295,-44977.891688293115
1,1,1.9503867199998348,-44668.252711821566
2,2,2.64207026399998,-44625.19032538734
3,3,3.443093169,-46164.33806253546
4,4,4.265343862999929,-44696.66292816451
5,5,5.1221421389998865,-44668.53646951482
6,6,6.0429136609998535,-46019.48565429271
7,7,7.185448754000012,-45088.10555616659
8,8,8.413054203999927,-46014.39303757346
9,9,9.390812368999933,-47915.900257999805
10,10,10.59461839399999,-49576.98014625757
