index,iter,time,objective
0,0,1.7270940910000354,-47112.233594906305
1,1,2.7523921819999813,-50933.402822983306
2,2,3.506948313000146,-49765.68611396566
