index,iter,time,objective
0,0,1.6116979809999465,-47067.14527503336
1,1,2.6659108859999106,-48245.154480037374
2,2,3.84999098100001,-48737.96616078443
3,3,4.495401351999957,-49823.0743008467
4,4,5.128854307999834,-52002.73537215188
5,5,5.678811824999983,-49377.407315084536
6,6,6.238689547999995,-46443.5324762564
