index,iter,time,objective
0,0,1.8864423879999668,-48254.98995079995
1,1,2.8602861369999593,-49378.67901154052
