index,iter,time,objective
0,0,1.7278811899998692,-44920.41560180969
1,1,2.7200268619998824,-48268.968765981175
2,2,3.834043074999936,-46950.256433563576
3,3,4.745738629999804,-49088.54137914294
