index,iter,time,objective
0,0,1.380130721000023,-44832.37905761324
1,1,2.2040612820000387,-49394.82043538192
2,2,3.1239543570000676,-44963.63460669672
3,3,4.079018917999929,-46856.86153217334
4,4,5.048795288000023,-47378.630176114515
5,5,5.911738406999968,-47189.10188670392
6,6,6.777017532000086,-49865.39198744887
