index,iter,time,objective
0,0,1.5869896180001088,-45598.26590683086
1,1,2.554414051000029,-45882.764410790136
2,2,3.711832249999978,-47134.8258331239
3,3,4.827720142000122,-51900.89477772344
4,4,5.627616089000134,-50488.69571980711
