index,iter,time,objective
0,0,1.6453116750000045,-44432.62417644005
1,1,2.6346530009999407,-44918.67757556137
2,2,3.804108566999901,-46251.57093733323
3,3,4.96082485199999,-47150.064108679115
4,4,6.136993301999988,-48920.84923057273
5,5,6.846176144999918,-49021.79930100279
