index,iter,time,objective
0,0,1.688227590000024,-46402.71311230605
1,1,2.8519075599999635,-46615.53804389046
2,2,4.06526907899999,-47886.271862011425
3,3,5.124925423000008,-49554.899160634835
4,4,6.126474949999945,-49659.81149809527
