index,iter,time,objective
0,0,1.9535968090000098,-47329.92761343236
