index,iter,time,objective
0,0,1.585756844999967,-48979.402082764565
1,1,2.186261953999987,-56618.12399188025
2,2,2.809946250000037,-51374.856969172484
3,3,3.3923369690000547,-48706.70469007355
