index,iter,time,objective
0,0,1.3440169110000133,-49689.91403389796
1,1,1.9452010099999606,-54360.76235868474
2,2,2.58559218399995,-46104.51270925964
