index,iter,time,objective
0,0,1.9342897670001258,-50601.85325525221
1,1,2.557541997000109,-54084.27458153249
