index,iter,time,objective
0,0,1.7142173230000772,-46178.84629208823
1,1,2.7408920050000307,-47467.52711743927
2,2,3.958729387999978,-49162.12240600986
