index,iter,time,objective
0,0,1.597851398000028,-44837.81256279902
1,1,2.489428180000046,-45261.81994859385
2,2,3.342298733999953,-46462.278340022756
3,3,4.367983595000115,-45533.538324508045
4,4,5.259978762000101,-46675.99702031864
5,5,6.327230524000013,-46721.42276157049
6,6,7.326128356000176,-48090.99083375457
7,7,8.329939489000012,-48903.387933640384
